period,duration_band,exposures,seconds_per_exposure
baseline,01 | <=10s,392320,6.707197458707098
baseline,02 | 10-18s,413972,7.307397797435547
baseline,03 | 18-30s,241205,9.553689857175389
baseline,04 | 30-60s,324672,12.737115843066146
baseline,05 | >60s,946096,26.063586993286165
comparison,01 | <=10s,465466,6.543240311859538
comparison,02 | 10-18s,497867,7.343269035706293
comparison,03 | 18-30s,285474,9.613334061946084
comparison,04 | 30-60s,370073,12.91709938039254
comparison,05 | >60s,1035042,25.65418926285106
